,APMC,price_fluctuation_deseaconalized
343,JUNNAR (BHLHE),17671.410387965803
678,PIMPALGAON BASAWANT,7207.465193127932
677,PIMPALGAON BASAWANT,6736.004098326419
372,KALYAN (CATTLE MARKET),5361.744691279892
676,PIMPALGAON BASAWANT,5315.752116730267
542,MUMBAI,5273.40246202014
541,MUMBAI,5085.250927277933
540,MUMBAI,4735.684619934568
752,SANGOLA,4734.375465542399
750,SANGOLA,4085.7425305889083
239,GADHINGLAJ,3852.6913304920586
742,SANGALI,3814.521844691911
751,SANGOLA,3469.6317831978745
399,KHAMGAON,3361.2373267103208
63,ARMORI-DESAIGANJ,3247.4655626924687
749,SANGLI-PHALE BHAJIPALAM,2941.9220256074072
287,INDAPUR,2893.3478497277897
743,SANGALI,2838.2222983211855
748,SANGLI-PHALE BHAJIPALAM,2627.6991842419916
241,GADHINGLAJ,2540.8018249814413
398,KHALAPUR(SHIL-PHATA),2507.249104926146
401,KHAMGAON,2397.2538808904806
705,RAHURI,2324.4205183579024
77,ATPADI,2220.030109513681
420,KOLHAPUR,2201.2666332490408
841,TASGAON,2127.0931860423684
64,ARMORI-DESAIGANJ,2094.3688696857957
419,KOLHAPUR,2040.1502134153216
586,NASHIK,1947.2827373599068
598,NEWASA-GHODEGAON,1911.7220865069626
842,TASGAON,1870.5987846407293
597,NEWASA-GHODEGAON,1829.1388215687602
622,PALUS,1812.77915021231
76,ATPADI,1757.6909524429113
826,SOLAPUR,1733.3768109151413
687,PUNE-MANJRI,1692.6316045456067
584,NASHIK,1675.9603398010927
373,KAMTHI,1674.0258540614755
744,SANGALI,1664.9049758488507
418,KOLHAPUR,1641.1800295368757
494,MANCHAR,1619.5900225643886
585,NASHIK,1615.1730803132532
827,SOLAPUR,1601.1449584386264
828,SOLAPUR,1587.2578130545924
688,PUNE-MANJRI,1578.5487922682787
684,PUNE,1572.3902030090487
388,KARJAT (RAIGAD),1558.8957801700908
374,KAMTHI,1528.4074176811034
626,PANDHARPUR,1502.4195559345785
642,PARNER,1472.4107221214838
641,PARNER,1464.6898573989247
75,ATPADI,1450.276435230031
840,TASGAON,1441.9787462535933
159,CHANDRAPUR,1436.7755495197655
288,INDAPUR,1392.0169460024244
157,CHANDRAPUR,1369.8650019166312
14,AHMEDNAGAR,1368.5097331952209
668,PEN,1367.484106713514
627,PANDHARPUR,1367.1978685677657
543,MUMBAI-FRUIT MARKET,1348.7889404200705
375,KAMTHI,1341.8451101629876
667,PEN,1339.865254951269
400,KHAMGAON,1319.4054467155458
503,MANGAON(BHADAV),1308.051298278421
424,KOLHAPUR-MALKAPUR,1287.5468420705959
386,KARJAT (RAIGAD),1275.2583707941335
347,JUNNAR-OTUR,1265.0068299851428
669,PEN,1250.8669312135498
756,SANGRAMPUR-VARVATBAKAL,1247.7656630826668
387,KARJAT (RAIGAD),1246.2235543034624
422,KOLHAPUR-LAXMIPURI,1238.533327845743
170,CHANDVAD,1236.881160258516
169,CHANDVAD,1236.3778015488676
404,KHED,1222.3585321823236
755,SANGRAMPUR,1213.3837149334151
674,PIMPALGAON (B)-SAYKHEDA,1212.4938585247965
207,DHARMABAD,1209.4826008910466
504,MANGAON(BHADAV),1209.1753524808316
759,SATANA,1194.0724188981224
82,AURANGABAD,1162.867856085366
326,JAMNER-NERI,1160.397813903544
609,OSMANABAD,1159.7174692813917
628,PANDHARPUR,1154.6715082056792
423,KOLHAPUR-LAXMIPURI,1143.7906278316186
561,NAGPUR,1133.6104195525531
706,RAHURI-SONGAON,1132.0732416590927
747,SANGAMNER,1130.1805919435533
502,MANGALWEDHA,1119.9922312251842
673,PIMPALGAON (B)-SAYKHEDA,1119.1976571476143
686,PUNE,1118.7735379131657
501,MANGALWEDHA,1117.4557490779025
689,PUNE-MANJRI,1115.5209238522325
728,RISOD,1095.8345600060861
880,VADGAON PETH,1091.101492585754
346,JUNNAR-OTUR,1077.0846563768775
672,PHALTAN,1069.5421418603416
760,SATANA,1067.9097688434101
158,CHANDRAPUR,1063.2987803572375
685,PUNE,1060.457069390118
323,JAMNER,1059.6540529006531
450,LASALGAON,1054.5448603107186
610,OSMANABAD,1047.6207147083578
860,ULHASNAGAR,1046.9353619963983
338,JUNNAR,1045.5982822802405
13,AHMEDNAGAR,1044.6134985408492
344,JUNNAR (NARAYANGAON),1044.0732479773417
185,DARYAPUR,1034.5058066123242
905,VASAI,1027.683007630415
441,KURDWADI-MODNIMB,1007.7428194543685
505,MANGAON(BHADAV),996.1584661241463
704,RAHURI,984.2753314345287
904,VASAI,972.1358318586501
903,VASAI,970.821134996904
80,AURANGABAD,965.9490442069182
496,MANCHAR,961.2683861191326
220,DINDORI-VANI,955.5804198115588
599,NEWASA-GHODEGAON,955.0692447354561
81,AURANGABAD,952.1096699632354
761,SATARA,945.2947281716943
119,BHIWAPUR,945.0612046938836
861,ULHASNAGAR,937.6873321659293
46,AMARAWATI-FRUIT AND VEGETABLES,933.5293086209484
763,SATARA,931.7349636567039
754,SANGRAMPUR,931.065384216298
302,JALGAON,925.8132443874794
421,KOLHAPUR-LAXMIPURI,923.8410248657881
28,AKLUJ,915.8306469667367
671,PHALTAN,912.6225673415117
608,OSMANABAD,910.8125282646487
87,BABHULGAON,910.520143502339
45,AMARAWATI,905.3751295458596
762,SATARA,901.8962315438829
289,INDAPUR,893.3677367523106
440,KURDWADI-MODNIMB,891.1269495878946
878,VADGAON PETH,881.5159859776026
819,SINDI (SELU),881.3835367661447
379,KARAD,876.8504578231007
61,ARMORI,872.3242675756344
721,RATANAGARI,858.4685533065708
492,MALKAPUR,855.9187343261689
337,JUNNAR,852.5810775718322
371,KALYAN,848.226291136839
212,DHULE,846.828065485821
216,DINDORI,839.962157810796
746,SANGAMNER,837.8733432987938
727,RISOD,834.0172309684411
643,PARNER,832.0019963221389
114,BHIVANDI,831.3016887155546
570,NANDGAON,829.7741031382849
560,NAGPUR,829.478089128039
301,JALGAON,825.0018046596673
174,CHIKHALI,824.0234741125892
274,HANEGAON,811.2436199111571
500,MANGALWEDHA,803.9622871660066
49,AMBAD(VADI GODRI),799.8950374719631
524,MEHKAR,799.5975734710984
160,CHANDRAPUR-GANJWAD,799.137781058494
211,DHULE,798.3241833306303
525,MEHKAR,797.2075891171901
634,PARANDA,794.5888872685184
565,NAMPUR,792.1180485522124
606,NIRA-SASWAD,787.5854495440678
164,CHANDUR BAJAR,783.5677543705112
879,VADGAON PETH,781.0786217230504
217,DINDORI,776.7057246825402
621,PALUS,776.5240267142631
300,JALGAON,772.6082453061443
162,CHANDRAPUR-GANJWAD,769.6286172575453
451,LASALGAON-NIPHAD,768.9888803943411
390,KARMALA,768.5225662446915
55,ANAJNGAON SURJI,763.7326580263357
278,HINGANGHAT,761.8248537547448
660,PATHARI,759.4027345761293
171,CHANDVAD,759.2583767079446
569,NANDGAON,759.2368644598166
340,JUNNAR (ALEPHATA),751.6190284784649
34,AKOLE,747.9085373322711
184,DARYAPUR,746.7567559622087
36,AKOT,745.4969406476011
105,BASMAT (KURUNDA),743.3219873639243
345,JUNNAR-OTUR,738.1383985616225
89,BALAPUR,736.1993712740832
507,MANGRULPEER,734.6337261311164
745,SANGAMNER,733.3448974687687
342,JUNNAR (ALEPHATA),731.4163597606621
719,RATANAGARI,729.8954359374973
789,SHIRPUR,728.2518682659573
339,JUNNAR,727.6959847504405
448,LASALGAON,727.6530807897823
509,MANMAD,726.1249575937608
131,BHOR,723.6853938538081
91,BARAMATI,720.9291481883441
455,LASUR STATION,720.9069412971446
286,HINGOLI-KANEGAON NAKA,719.8046822510584
573,NANDGAON KHANDESHWAR,719.5371936984345
153,CHALISGAON,719.3074486731116
487,MALEGAON,716.9783917206474
715,RALEGAON,712.8223135911135
486,MALEGAON,712.1797228422627
690,PUNE-MOSHI,711.0252556231138
370,KALYAN,709.6722997645303
757,SANGRAMPUR-VARVATBAKAL,703.905648440154
670,PHALTAN,702.1117269025161
764,SAVALI,698.2372107527108
319,JAMKHED,697.3816776844534
380,KARAD,685.6613682837108
449,LASALGAON,680.8986083085425
864,UMARED,679.6978518413532
607,NIRA-SASWAD,677.1454194088735
186,DARYAPUR,675.759508992644
644,PAROLA,674.0415567070827
173,CHIKHALI,670.2161423952316
409,KHED-CHAKAN,670.0377862331397
219,DINDORI-VANI,661.7152529589798
633,PARANDA,657.6959104488615
74,ASHTI-KARANJA,656.0393747764124
92,BARAMATI,654.8848612972547
161,CHANDRAPUR-GANJWAD,650.9448129541012
88,BABHULGAON,644.1788132968317
138,BORI ARAB,642.9689254817577
720,RATANAGARI,641.4634397845836
574,NANDGAON KHANDESHWAR,640.2605818002427
381,KARAD,639.4368976415192
33,AKOLE,639.1301506189182
459,LATUR,635.6392283523523
483,MAJALGAON,633.5084967063801
657,PATHARDI,627.761496256905
27,AKLUJ,627.6919551257964
152,CHALISGAON,622.7375168800762
93,BARAMATI,621.9068207854231
702,RAHATA,617.7321122916373
293,INDAPUR-BHIGWAN,617.4422628346052
482,MAJALGAON,617.0779972712711
26,AKLUJ,614.0409121414086
102,BASMAT,613.8036919978636
602,NILANGA,612.7799635901229
54,ANAJNGAON SURJI,612.6417726531362
5,AARNI,609.3134981972722
559,NAGPUR,608.4836810340406
60,ARMORI,608.3669834979378
460,LATUR,608.1272027753487
700,RAHATA,607.037747966374
493,MALKAPUR,604.1903487372671
35,AKOT,603.7836969129202
583,NARKHED,602.9419945925598
863,UMARED,602.1303378611107
655,PATHARDI,598.4659646251521
31,AKOLA,596.1891405817084
210,DHULE,592.4365852644056
165,CHANDUR BAJAR,589.9013681175261
456,LASUR STATION,585.5226762317111
428,KOREGAON,585.0652119662467
478,MAHAGAON,583.7171435475946
384,KARANJA,583.1697889945609
206,DHARMABAD,581.8681730143833
391,KARMALA,581.6531350696498
491,MALKAPUR,581.2966993338683
348,KADA,580.4411406843684
675,PIMPALGAON (B)-SAYKHEDA,579.3095603633391
350,KADA,578.5698393999967
66,ARVI,578.0457167284453
698,PUSAD,577.4703195505348
44,AMARAWATI,574.5596885096611
32,AKOLE,572.9511192504256
919,YAWAL,572.438812402124
12,AHMEDNAGAR,572.3202492410561
701,RAHATA,571.4033070978669
117,BHIWAPUR,570.5526339489126
600,NILANGA,569.7896483631974
518,MANWAT,566.4743751381963
341,JUNNAR (ALEPHATA),565.8369483959852
189,DEGLUR,564.8127562816658
320,JAMKHED,563.8137259767709
885,VAI,560.9008026084355
656,PATHARDI,558.6624574536238
576,NANDURA,558.6021112354624
223,DONDAICHA,554.4557136665965
790,SHIRPUR,554.249902514211
601,NILANGA,552.0035907632697
816,SINDI,551.9155173083414
484,MAJALGAON,548.4855088183344
652,PATAN,547.6682831061486
587,NASHIK-DEVLALI,546.5259954759605
321,JAMKHED,544.9047695922872
24,AKKOLKOT,541.2517100465913
294,INDAPUR-BHIGWAN,541.0570807996595
605,NIRA,540.9146923632951
472,LONAR,540.1530654909507
458,LATUR,538.2632747158301
604,NIRA,537.9458076958666
896,VARORA,537.2552071010342
48,AMBAD(VADI GODRI),536.9173787333112
172,CHIKHALI,533.4569546792458
777,SHAHAPUR,532.6380209970994
385,KARJAT (A- NAGAR),531.9031137782193
654,PATAN,531.6616910571113
791,SHIRPUR,530.3175917185317
429,KOREGAON,525.4554900817158
897,VARUD,524.1974241574053
240,GADHINGLAJ,524.1807765368619
803,SHRIRAMPUR,523.9278408480928
425,KOPARGAON,523.2534717022296
146,BULDHANA,521.1705468646993
508,MANGRULPEER,519.0609846885316
895,VARORA,516.3331164499368
726,RISOD,515.97939217979
823,SINNER,515.2342186157466
151,CHALISGAON,514.977047407729
741,SAMUDRAPUR,514.0595929564363
366,KALVAN,512.9580031896061
283,HINGOLI,511.8539258780819
382,KARANJA,511.186545882238
284,HINGOLI,510.5920977130257
776,SHAHAPUR,509.1962966549982
454,LASALGAON-VINCHUR,508.1936047047495
718,RAMTEK,506.14435098587677
116,BHIVANDI,505.9049421087944
351,KADA (ASHTI),504.7587645436073
188,DEGLUR,504.08076610876765
463,LOHA,502.92981001851047
426,KOPARGAON,502.10623134486985
877,UMRANE,499.9477487234673
457,LASUR STATION,499.80956128498894
547,MURBAD,499.551627056859
567,NANDED,496.99801061147747
469,LONAND,495.8443238279727
109,BHADRAWATI,491.92596823169765
85,AUSA,491.56078612332044
397,KEJ,490.363317951105
552,MURUD,489.6460301137913
408,KHED-CHAKAN,489.63593886547085
276,HIMAYATNAGAR,489.11542386728763
39,ALIBAG,487.6356472820196
802,SHRIRAMPUR,486.760770848028
311,JALKOT,486.33240033824853
532,MORSHI,485.9650213906173
571,NANDGAON,485.3878866275412
224,DONDAICHA,483.7427568151199
353,KADA (ASHTI),483.68010599965794
887,VAI,482.5996551561747
62,ARMORI-DESAIGANJ,482.4648742899272
862,UMARED,482.0000131593343
90,BALAPUR,481.334430665529
229,DOUND,480.0520836223652
414,KILLE DHARUR,477.62941145256497
658,PATHARI,477.59007783624577
453,LASALGAON-VINCHUR,476.72940331449445
84,AUSA,476.45379234452076
818,SINDI (SELU),476.438239018072
779,SHEGAON,476.30104171883045
510,MANMAD,475.97766367841587
868,UMARI,475.91860823124233
801,SHRIRAMPUR,475.3197232229566
413,KILLE DHARUR,474.2568214738014
86,BABHULGAON,472.93282215538636
437,KURDWADI,472.71576343075014
383,KARANJA,471.4560960743959
692,PUNE-PIMPRI,470.34429673733536
433,KORPANA,470.0291154811517
653,PATAN,467.93769755551193
107,BEED,467.2806993742335
464,LOHA,467.03896374881214
513,MANORA,466.3389532943247
758,SATANA,466.28439103932703
774,SHAHADA,464.873474346359
499,MANDHAL,464.8553058263205
850,TIWASA,464.6416265624801
480,MAHUR,464.6005395284131
369,KALYAN,463.9669690377403
815,SINDI,463.85967557565607
227,DOUND,463.3891242758733
228,DOUND,461.97047586895036
192,DEULGAON RAJA,461.326854585622
839,TALODA,460.7369159214879
489,MALEGAON (WASHIM),459.64091843564796
282,HINGNA,457.30885124511457
473,LONAR,456.58497643619216
23,AKKOLKOT,456.48826904359703
548,MURTIZAPUR,456.45115896189895
753,SANGRAMPUR,455.0016024628856
256,GHATANJI,454.0813496011842
51,AMBEJOGAI,452.49117966097265
611,PACHORA,450.10994568037205
53,ANAJNGAON SURJI,449.1418714955309
465,LOHA,448.65491477217114
892,VANI,448.30045244176205
47,AMBAD(VADI GODRI),446.9440672870704
470,LONAND,445.8415413725489
902,VARUD-RAJURA BAZAR,445.7008607686391
873,UMARKHED-DANKI,445.013868833455
485,MALEGAON,444.62296682270676
915,WASHIM,443.46776438554417
693,PUNE-PIMPRI,443.3466695764377
248,GEVRAI,443.108261887189
30,AKOLA,442.9390184074769
332,JINTUR,442.8139736008827
292,INDAPUR-BHIGWAN,442.12274535116603
96,BARSHI,441.012267068226
83,AUSA,440.96996241181085
427,KOPARGAON,440.6940826674545
775,SHAHAPUR,440.04638331897826
506,MANGRULPEER,439.51071903917517
271,HADGAON,439.47785406483354
275,HIMAYATNAGAR,438.39566286646277
42,AMALNER,437.66507932709857
824,SINNER,437.323749247137
467,LOHARA,435.2213419266754
780,SHEGAON,434.2322143408695
647,PARSHIWANI,434.06115260972814
349,KADA,434.0517881748563
3,AARNI,433.2491942918037
857,UDGIR,432.7897930639465
412,KILLE DHARUR,429.90298636170337
575,NANDURA,429.69250946416145
230,DUDHANI,429.4710146751435
396,KEJ,428.4689934886948
461,LATUR-MURUD,426.85862381818555
307,JALGAON JAMOD-AASALGAON,425.8474708924376
526,MEHKAR,424.5974794723115
773,SHAHADA,424.1377862367272
221,DINDORI-VANI,423.5065244677998
72,ASHTI-KARANJA,423.3124890582685
659,PATHARI,422.82907616413956
468,LONAND,420.89248902095505
886,VAI,420.80845737956724
118,BHIWAPUR,420.74642839974547
822,SINNER,419.7527983308298
273,HADGAON-TAMSA,419.2413345284553
430,KOREGAON,418.9041624019221
462,LATUR-MURUD,416.9809913588136
535,MUKHED,416.13201036729583
809,SILLOD-BHARADI,415.27874132487767
612,PACHORA,414.89679512438994
15,AHMEDPUR,414.1642152738372
67,ARVI,413.33838837804973
527,MOHOL,413.29277951918664
202,DHAMANGAON-RLY,413.0517162633401
797,SHRIGONDA,412.7858306947978
920,YEOLA,412.53224111807435
308,JALGAON JAMOD-AASALGAON,412.48472746113356
550,MURTIZAPUR,411.5349904436418
358,KALAMB (YAWATMAL),411.4805183232005
735,SAILU,411.20363292181344
305,JALGAON JAMOD,411.1271818737606
104,BASMAT,409.6156520007301
901,VARUD-RAJURA BAZAR,409.5771228599818
52,AMBEJOGAI,409.44697316942415
648,PARSHIWANI,409.3696629475628
649,PARTUR,408.30596146554535
740,SAMUDRAPUR,407.6606173532179
359,KALAMB (YAWATMAL),407.61232455140794
41,AMALNER,407.49288780260565
251,GHANSAWANGI,407.1004984798429
130,BHOR,406.3999410199244
115,BHIVANDI,404.7663946426853
144,BULDHANA,404.31678095167575
285,HINGOLI,402.4008178616202
734,SAILU,402.3839529893616
333,JINTUR,401.6239226962488
537,MUL,400.73494518026246
858,UDGIR,400.3434757260639
682,PULGAON,399.4209983644069
277,HINGANGHAT,399.329460242383
310,JALKOT,399.15313720981806
490,MALEGAON (WASHIM),397.69034072216544
163,CHANDUR BAJAR,396.46786952684744
250,GEVRAI,395.9989985464026
566,NANDED,395.37939077583314
870,UMARKHED,395.2699113828013
40,AMALNER,395.1776089612662
367,KALVAN,393.1018140229009
918,YAWAL,392.4228590886741
203,DHAMANGAON-RLY,391.41970899066274
279,HINGANGHAT,390.51697770188974
262,GONDIYA,389.6824312536485
703,RAHURI,388.3808106712308
577,NANDURA,388.1611324193851
439,KURDWADI,387.959547929909
516,MANTHA,384.8781142958128
145,BULDHANA,384.03901130003095
393,KATOL,382.64722963052367
99,BARSHI-VAIRAG,381.8842775682415
438,KURDWADI,381.55693252088884
772,SHAHADA,380.41543034358074
65,ARVI,380.4034269470378
921,YEOLA,380.34670631959824
549,MURTIZAPUR,379.8478928651866
580,NANDURBAR,379.74544631916456
331,JINTUR,379.6439144111364
707,RAHURI-VAMBORI,379.4967459703415
129,BHOOM,379.15796194709355
222,DONDAICHA,375.519431072821
43,AMARAWATI,374.605645947674
314,JALNA,373.2317219093616
103,BASMAT,373.07847734952327
838,TALODA,372.7560250142901
650,PARTUR,372.72702766118493
511,MANMAD,370.9455485258387
619,PALGHAR(BEVUR),370.228142640596
528,MOHOL,370.02710971901985
191,DEULGAON RAJA,369.36930874974433
680,POMBHURNI,369.3052794786464
259,GHOTI,368.4187840098431
4,AARNI,368.0988767891842
739,SAMUDRAPUR,366.9301032575892
394,KATOL,365.938510800302
738,SAKRI,365.37494486346196
368,KALVAN,363.60160042628615
770,SENGAON,363.11713327355017
471,LONAR,362.7662200986624
495,MANCHAR,362.18719998117507
7,ACHALPUR,361.4066959350613
854,TUMSAR,361.30108203440756
831,SONPETH,361.12227066396457
148,BULDHANA-DHAD,360.34054838829957
231,DUDHANI,359.72291418948686
662,PATUR,359.5101774132894
615,PAITHAN,357.47014183714134
512,MANORA,355.4626880544433
218,DINDORI,355.37389668181584
253,GHANSAWANGI,354.7962832322791
290,INDAPUR (NIMGAON KETKI),353.1298712587499
922,YEOLA,352.8930966476228
389,KARMALA,352.75920581595324
280,HINGNA,352.5009243774516
866,UMARGA,351.75663915665314
865,UMARGA,350.67216048028484
893,VANI,350.4294790811119
806,SILLOD,349.9012192920666
306,JALGAON JAMOD-AASALGAON,349.90013414463886
661,PATUR,349.259384827705
21,AKKALKUWA,346.86585704481314
821,SINDKHED RAJA,346.4169073191735
830,SONPETH,346.0097701109809
315,JALNA,345.8891533459596
796,SHRIGONDA,345.7944054533448
699,PUSAD,345.6241686154742
181,DARWHA,344.9164230043163
603,NIRA,344.86691838603065
395,KEJ,344.4100491856525
691,PUNE-PIMPRI,342.8549302975282
529,MOHOL,341.5688631968772
811,SILLOD-BHARADI,340.76915184680576
378,KANNAD,339.1970045468996
646,PARSHIWANI,339.1609995848556
452,LASALGAON-NIPHAD,338.804778268646
618,PALGHAR(BEVUR),337.4687549626671
316,JALNA-BADNAPUR,336.5380805667957
645,PAROLA,335.9294210296583
810,SILLOD-BHARADI,335.5641455114078
523,MAUDA,334.3393668265721
481,MAHUR,334.2600300617157
888,VAIJAPUR,334.2462056805845
244,GANGAKHED,334.1297536017362
313,JALNA,333.5206075825377
281,HINGNA,333.1619723860324
894,VARORA,332.68121319191687
270,HADGAON,332.3809979900253
98,BARSHI TAKLI,332.24673900718244
539,MUL,331.79956654692637
178,CHOPDA,330.90959581205857
258,GHOTI,329.95893575539213
25,AKKOLKOT,328.4455086643816
517,MANTHA,327.3318790922194
845,TELHARA,327.22661321310096
788,SHIRALA,326.9420291436589
697,PUSAD,326.11827400201844
651,PARTUR,325.492596518358
538,MUL,325.3959756477884
663,PATUR,324.0147444795044
514,MANORA,322.8716517469188
73,ASHTI-KARANJA,322.64113981314546
432,KORPANA,321.8494422110627
249,GEVRAI,321.50074122892903
683,PULGAON,321.30952239940643
355,KALAMB (OS),321.0268493150926
325,JAMNER-NERI,320.9318141576134
150,CHAKUR,320.2186581165822
142,BRAHMPURI,320.0325126338382
38,ALIBAG,318.0852225683017
193,DEVALA,316.1245042167062
568,NANDED,315.96101408003943
95,BARSHI,315.6842151655845
709,RAHURI-VAMBORI,315.5751006139669
291,INDAPUR (NIMGAON KETKI),314.78177366003627
322,JAMNER,314.5518027726889
106,BEED,313.0566302897215
856,TUMSAR,312.76815725809405
135,BILOLI,312.6201686836198
906,VITA,312.5837110649568
245,GANGAPUR,312.0508423088273
708,RAHURI-VAMBORI,311.3761881515199
696,PURNA,311.04605533757666
620,PALGHAR(BEVUR),308.8917716002424
365,KALMESHWAR,308.1493573117732
807,SILLOD,308.11844061324257
120,BHOKAR,307.89808830922755
194,DEVALA,307.7045526808235
108,BEED,307.3802509820477
874,UMARKHED-DANKI,306.82537862795436
925,YEOTMAL,306.1270414778666
179,CHOPDA,306.11018259100183
434,KUNDALWADI,306.0818003769372
29,AKOLA,305.10689168806175
352,KADA (ASHTI),304.80930134884926
377,KANNAD,304.72921136717554
122,BHOKAR,304.2080524759688
899,VARUD,303.4527882110935
19,AKHADABALAPUR,303.32871474745065
771,SENGAON,302.78142391802106
844,TELHARA,302.0404049740885
859,UDGIR,299.89717095710984
100,BARSHI-VAIRAG,299.8729556020082
79,AURAD SHAHAJANI,299.60685469342246
564,NAIGAON,298.74938710785443
252,GHANSAWANGI,298.3189002090046
717,RAMTEK,297.0296329069669
168,CHANDUR RLY.,296.68083282666345
829,SONPETH,296.593099417645
551,MURUD,296.3291186818629
910,WARDHA,295.7253294119179
195,DEVALA,295.0804808811977
121,BHOKAR,293.6177137357382
20,AKHADABALAPUR,293.2181204201792
515,MANTHA,293.0185488013081
101,BARSHI-VAIRAG,292.63493773030643
889,VAIJAPUR,292.22510536706505
695,PURNA,291.6373954174473
405,KHED (SHEL PIMPALGAON),290.18048055413107
855,TUMSAR,289.75926630891695
808,SILLOD,289.2871894346107
907,VITA,289.0569208203624
631,PANVEL,288.55693911406166
837,TALODA,288.4786557787124
558,NAGBHID,288.432340321819
354,KALAMB (OS),288.0507861764264
187,DEGLUR,287.70601173036243
247,GANGAPUR,287.58603436541574
435,KUNDALWADI,287.50553653209505
356,KALAMB (OS),287.43392544091313
900,VARUD-RAJURA BAZAR,286.6873198734301
578,NANDURBAR,286.4820055904923
711,RAJURA,285.3499132813081
632,PARANDA,284.78583258914705
624,PANDHARKAWADA,284.77084032923045
246,GANGAPUR,284.2303874156017
445,LAKHANI,277.95869960883465
329,JAWALA-BAJAR,277.34754561465274
519,MANWAT,276.5092602244152
579,NANDURBAR,275.95195363740646
8,ACHALPUR,275.4418178466593
536,MUKHED,274.9972734178426
557,NAGBHID,274.0478136435734
257,GHOTI,273.60394967034614
272,HADGAON-TAMSA,273.0678184815679
768,SAVNER,272.91596605495715
924,YEOTMAL,272.1652027329451
636,PARBHANI,270.65128726450047
201,DHAMANGAON-RLY,270.5806645638718
180,CHOPDA,270.35898408007057
572,NANDGAON KHANDESHWAR,269.4506236570476
926,ZARIJAMINI,266.85975656829567
909,WARDHA,266.73315930882177
50,AMBEJOGAI,266.1105277025969
196,DEVANI,265.680937112813
417,KINWAT,265.59256301674804
681,PULGAON,264.565455863143
913,WASHIM,263.5538462892494
183,DARWHA,263.13950439473354
783,SHEVGAON,263.00206382510333
724,RAVER,262.94226753326996
914,WASHIM,262.896762471656
722,RAVER,261.66292014446634
884,VADVANI,260.90659824506326
226,DONDAICHA-SINDKHEDA,260.4221218094353
94,BARSHI,260.21154668652264
581,NARKHED,260.02240003744555
232,DUDHANI,258.79646730818837
357,KALAMB (YAWATMAL),256.6984685371425
304,JALGAON JAMOD,254.8871217080919
781,SHEVGAON,254.45921771086537
197,DEVANI,254.4358703649899
498,MANDHAL,253.3353623143394
723,RAVER,252.2784745714924
177,CHIMUR,251.37055082399021
875,UMARKHED-DANKI,251.14918249399753
563,NAIGAON,249.79135718064683
112,BHANDARA,249.539504147
298,JAFRABAD,249.1474987601214
869,UMARI,248.57712928250845
613,PAITHAN,247.74684233218824
872,UMARKHED,247.71423733559223
778,SHEGAON,247.04933830150745
522,MAREGAON,246.93267479789802
556,NAGBHID,246.91940543322994
769,SAVNER,246.85598010538692
479,MAHUR,246.50958965919926
167,CHANDUR RLY.,244.9093282890542
916,WASHIM-ANSING,244.39269871726336
623,PANDHARKAWADA,242.65189901809512
312,JALKOT,241.92360159750126
712,RAJURA,241.3176744085127
531,MORSHI,240.70836875356443
176,CHIMUR,240.50179731992256
254,GHATANJI,239.4014788709319
814,SINDI,237.86057734993872
16,AHMEDPUR,236.89038975623322
78,AURAD SHAHAJANI,236.77770166612098
364,KALMESHWAR,236.71516204580323
782,SHEVGAON,235.30042317034687
871,UMARKHED,234.10806786285664
867,UMARGA,233.2530488940354
544,MUMBAI-ONION AND POTATO MKT,231.92918938790461
330,JAWALA-BAJAR,230.74415631473073
679,POMBHURNI,230.5287508995854
530,MORSHI,230.48284367793167
411,KHULTABAD,229.78025142641087
736,SAKRI,229.24043314321023
111,BHANDARA,229.01742858926133
891,VANI,227.66977763296995
182,DARWHA,227.535742221042
555,MURUM,227.47047854199167
637,PARBHANI,227.2288770676503
733,SAILU,225.77677494145993
928,ZARIJAMINI,225.3607428292014
592,NER PARASOPANT,224.226322615798
545,MURBAD,222.56689695758772
415,KINWAT,222.4075908108188
639,PARLI-VAIJNATH,222.3953578398447
17,AHMEDPUR,221.91383962784852
638,PARLI-VAIJNATH,221.02315974294856
923,YEOTMAL,219.49072612040092
737,SAKRI,218.93539058518135
336,JINTUR-BORI,218.5188520358609
629,PANVEL,217.217579061152
264,GONDPIMPRI,216.3514403032317
630,PANVEL,215.10116618525177
820,SINDKHED RAJA,213.43046348345857
37,ALIBAG,212.9869873137597
335,JINTUR-BORI,212.4840091692155
488,MALEGAON (WASHIM),212.40728577722348
363,KALMESHWAR,211.79041608458027
147,BULDHANA-DHAD,210.43587042428518
593,NER PARASOPANT,209.84873683414062
299,JAFRABAD,209.03835234595635
477,MAHAGAON,208.72259420647822
625,PANDHARKAWADA,207.44170310389092
534,MUDKHED,206.76093329682936
416,KINWAT,206.04288956749852
303,JALGAON JAMOD,205.76369726878693
70,ASHTI (WARDHA),203.75387444911394
334,JINTUR-BORI,203.37519259786365
533,MUDKHED,203.04119498325326
297,JAFRABAD,202.75588839229576
714,RALEGAON,201.83680647099382
890,VAIJAPUR,201.62115784808665
908,WARDHA,201.55811012740384
243,GANGAKHED,200.98170475070003
407,KHED (SHEL PIMPALGAON),200.82286692252043
324,JAMNER,200.36280900296734
786,SHEVGAON-BODHEGAON,198.48656154434858
876,UMRANE,197.5743891626489
215,DIGRAS,196.88831091504468
554,MURUM,196.46888444465787
883,VADUJ,195.65668619164785
265,GONDPIMPRI,194.1589022528795
767,SAVNER,192.79012855736713
614,PAITHAN,192.32096514023988
6,ACHALPUR,191.93996856729487
589,NAVAPUR,191.92841320524704
22,AKKALKUWA,190.40236155895835
362,KALAMNURI,189.99185746687024
97,BARSHI TAKLI,188.78855786293752
912,WASHI(OSMANABAD),188.77146485160966
881,VADUJ,187.35946251554313
266,GOREGAON,187.26332565982375
255,GHATANJI,184.8130864515863
327,JAMNER-NERI,183.9993128420821
392,KATOL,183.02748672810483
155,CHAMORSHI,182.49453988902715
852,TULJAPUR,181.7385100147132
521,MAREGAON,181.7082866052349
520,MAREGAON,181.19799619427067
190,DEULGAON RAJA,179.83719953959508
590,NAVAPUR,178.70335488799955
710,RAJURA,178.4750879655491
235,FULAMBRI,176.91904419888144
787,SHIRALA,171.37791638372107
917,YAWAL,171.09993620872305
694,PURNA,170.46430876653227
318,JALNA-BADNAPUR,170.20224986941494
927,ZARIJAMINI,169.72052475803096
635,PARBHANI,167.78119726338662
766,SAVALI,167.51701982497505
175,CHIMUR,167.32709085573444
562,NAIGAON,167.2395279231753
236,GADCHIROLI,166.71910857653592
18,AKHADABALAPUR,165.75541936593504
640,PARLI-VAIJNATH,163.44950491830616
843,TELHARA,162.3426487361673
476,MAHAGAON,161.75475967030752
553,MURUM,159.62721996771893
200,DHADGAON,156.56253490594685
0,AAMGAON,156.187468486937
71,ASHTI (WARDHA),154.99565877253303
234,FULAMBRI,154.24422171037068
882,VADUJ,153.23209374237032
546,MURBAD,151.16593913968273
154,CHAMORSHI,149.82830089328354
113,BHANDARA,148.90994592191726
898,VARUD,147.93572710702418
69,ASHTI (JALNA),147.78148716822054
402,KHED,147.11613125477754
784,SHEVGAON-BODHEGAON,145.97262010526845
431,KORPANA,145.53962352882309
785,SHEVGAON-BODHEGAON,145.48589920520496
846,TIRODA,144.84571333430154
328,JAWALA-BAJAR,143.2993407691174
376,KANNAD,142.44637840995267
237,GADCHIROLI,142.2992747330562
591,NER PARASOPANT,142.2405429687187
713,RALEGAON,142.10680333678783
143,BRAHMPURI,141.80736737689097
124,BHOKARDAN,141.7798310656718
125,BHOKARDAN,141.70903286458503
794,SHIRUR,139.92181752057581
793,SHIRUR,138.99200137212006
497,MANDHAL,138.9053673469876
849,TIWASA,138.74876363913518
817,SINDI (SELU),137.74737530834955
596,NEWASA,136.9410984447313
128,BHOKARDAN-PIMPALGAON RENU,136.2974654823855
792,SHIRUR,135.33315074330156
263,GONDPIMPRI,135.11158217933837
911,WASHI(OSMANABAD),134.03593391109922
666,PAVANI,133.04250305349905
765,SAVALI,132.67986145112172
149,CHAKUR,131.8034911403203
68,ASHTI (JALNA),131.79136289815435
238,GADCHIROLI,130.43519392782844
725,RAVER-SAWADA,128.35909742638975
466,LOHARA,128.0699985182454
848,TIRODA,126.9469247222224
140,BORI ARAB,126.7230970618519
209,DHARNI,126.54973865170047
208,DHARNI,126.20673092987234
406,KHED (SHEL PIMPALGAON),125.20336829777565
260,GONDIYA,123.65181931998234
853,TULJAPUR,123.54775008413382
110,BHADRAWATI,122.22675704979702
833,SOYGAON,121.55512440355125
832,SOYGAON,119.60779193179964
156,CHAMORSHI,119.09086255299644
813,SINDEVAHI,118.97685668832531
261,GONDIYA,118.73448152986703
317,JALNA-BADNAPUR,116.17128018995571
137,BORI,115.57260684433602
296,ISLAMPUR,114.65086303753436
269,HADGAON,114.38929731347599
410,KHULTABAD,114.37006813590833
812,SINDEVAHI,114.11121682835275
851,TULJAPUR,113.57568904939423
204,DHARANGAON,113.34624877201593
665,PAVANI,113.24552234430153
729,ROHA,112.20845832471872
59,ARMORI,111.72972904259684
127,BHOKARDAN-PIMPALGAON RENU,109.96807702003484
309,JALGAON-MASAWAT,109.8135306544352
664,PAVANI,108.24606779780119
436,KUNTUR,106.91412132662572
2,AAMGAON,106.70558264035161
166,CHANDUR RLY.,100.48618902785906
214,DIGRAS,99.90048136814252
141,BRAHMPURI,97.69871663184274
134,BHUSAVAL,97.15191345269378
268,GOREGAON,94.02840575051827
588,NAVAPUR,92.54560692531993
804,SHRIRAMPUR-BELAPUR,91.36458782696593
56,ARJUNI MORGAON,91.06795260623232
295,ISLAMPUR,90.66800380509743
198,DEVRI,90.46197585558896
132,BHUSAVAL,89.49538957603261
847,TIRODA,89.11220715410218
443,LAKHANDUR,81.99078101059173
139,BORI ARAB,79.11303231098043
133,BHUSAVAL,78.19354922307913
199,DHADGAON,77.41912565486871
582,NARKHED,76.60463623347907
267,GOREGAON,75.7627889356678
233,FULAMBRI,74.31525612074381
225,DONDAICHA-SINDKHEDA,73.50554005770974
444,LAKHANDUR,71.70167901453975
834,TADKALAS,70.9756389286772
1,AAMGAON,70.28828661357426
442,LAKHANDUR,70.0419994543006
617,PALAM,69.02542836966191
57,ARJUNI MORGAON,66.1329379869566
805,SHRIRAMPUR-BELAPUR,65.57385922526561
595,NEWASA,61.94721179927714
10,AHERI,61.79748445349887
730,ROHA,60.68147070889339
123,BHOKARDAN,60.10960813307184
446,LAKHANI,58.32148478820723
594,NEWASA,55.568669839496536
475,MAHAD,55.36296834071059
11,AHERI,53.8544081085133
474,MAHAD,51.809714336466335
732,SADAK ARJUNI,50.74153866212387
58,ARJUNI MORGAON,49.37787335054122
126,BHOKARDAN-PIMPALGAON RENU,47.29789884657721
447,LAKHANI,45.58811739679402
798,SHRIGONDA-GHOGARGAON,44.09560846919271
795,SHRIGONDA,42.30273411781324
799,SHRIGONDA-GHOGARGAON,41.20869380063618
800,SHRIGONDA-GHOGARGAON,40.95705064216418
361,KALAMNURI,40.16260761856386
136,BODWAD-VARANGAON,39.95940579244984
9,AHERI,39.17109529723583
825,SIRONCHA,37.288889049784
835,TADKALAS,35.29441478900917
360,KALAMNURI,34.52165955099994
403,KHED,25.042270993240464
731,ROHA,23.885570339946153
836,TALEGAON DABHADE,9.056079370418615
242,GANGAKHED,1.511340974659447
616,PALAM,-40.99687696878372
716,RAMTEK,-52.61816947348208
205,DHARMABAD,-456.55451652915747
213,DIGRAS,-769.9207781863978
